<?xml version='1.0' encoding='UTF-8'?>
<units size='1'>
  <unit id='201708211138.cucumber_eclipse_category_id' version='1.0.0.0-7WcsRgvE7735G3I75559I'>
    <properties size='3'>
      <property name='org.eclipse.equinox.p2.name' value='Cucumber Eclipse Plugin'/>
      <property name='org.eclipse.equinox.p2.description' value='Offical Eclipse Plugin for Cucumber'/>
      <property name='org.eclipse.equinox.p2.type.category' value='true'/>
    </properties>
    <provides size='1'>
      <provided namespace='org.eclipse.equinox.p2.iu' name='201708211138.cucumber_eclipse_category_id' version='1.0.0.0-7WcsRgvE7735G3I75559I'/>
    </provides>
    <requires size='1'>
      <required namespace='org.eclipse.equinox.p2.iu' name='cucumber.eclipse.feature.feature.group' range='[0.0.17.201708211138,0.0.17.201708211138]'/>
    </requires>
    <touchpoint id='null' version='0.0.0'/>
  </unit>
</units>
