<?xml version="1.0" encoding="UTF-8"?>
<metadata modelVersion="1.1.0">
  <groupId>cucumber.eclipse</groupId>
  <artifactId>cucumber.eclipse.p2updatesite</artifactId>
  <version>0.0.17-SNAPSHOT</version>
  <versioning>
    <snapshot>
      <localCopy>true</localCopy>
    </snapshot>
    <lastUpdated>20170821113843</lastUpdated>
    <snapshotVersions>
      <snapshotVersion>
        <classifier>p2artifacts</classifier>
        <extension>xml</extension>
        <value>0.0.17-SNAPSHOT</value>
        <updated>20170821113843</updated>
      </snapshotVersion>
      <snapshotVersion>
        <classifier>p2metadata</classifier>
        <extension>xml</extension>
        <value>0.0.17-SNAPSHOT</value>
        <updated>20170821113843</updated>
      </snapshotVersion>
      <snapshotVersion>
        <extension>zip</extension>
        <value>0.0.17-SNAPSHOT</value>
        <updated>20170821113843</updated>
      </snapshotVersion>
      <snapshotVersion>
        <extension>pom</extension>
        <value>0.0.17-SNAPSHOT</value>
        <updated>20170821113843</updated>
      </snapshotVersion>
    </snapshotVersions>
  </versioning>
</metadata>
